{"eval/loss": 3.0785751342773438, "eval/runtime": 69.2967, "eval/samples_per_second": 0.072, "eval/steps_per_second": 0.043, "train/epoch": 5.0, "train/global_step": 7, "_timestamp": 1717923318.1311014, "_runtime": 1342.8965423107147, "_step": 5, "train/train_runtime": 1314.4371, "train/train_samples_per_second": 0.027, "train/train_steps_per_second": 0.005, "train/total_flos": 1.3044403459325952e+18, "train/train_loss": 1.532843862261091, "_wandb": {"runtime": 1433}}