{"eval/loss": 3.0769598484039307, "eval/runtime": 83.1973, "eval/samples_per_second": 0.06, "eval/steps_per_second": 0.036, "train/epoch": 2.0, "train/global_step": 3, "_timestamp": 1717921230.127494, "_runtime": 646.5807111263275, "_step": 2, "train/train_runtime": 599.1258, "train/train_samples_per_second": 0.025, "train/train_steps_per_second": 0.005, "train/total_flos": 5.217761383730381e+17, "train/train_loss": 1.4388923645019531, "_wandb": {"runtime": 725}}