{"eval/loss": 3.0755057334899902, "eval/runtime": 68.1167, "eval/samples_per_second": 0.073, "eval/steps_per_second": 0.044, "train/epoch": 9.0, "train/global_step": 13, "_timestamp": 1717969854.5179813, "_runtime": 2300.700135231018, "_step": 10, "train/loss": 1.4361, "train/learning_rate": 1.0000000000000001e-07, "train/train_runtime": 2240.0726, "train/train_samples_per_second": 0.029, "train/train_steps_per_second": 0.006, "train/total_flos": 2.3479926226786714e+18, "train/train_loss": 1.492788975055401, "_wandb": {"runtime": 2392}}