{"eval/loss": 3.0988335609436035, "eval/runtime": 78.4099, "eval/samples_per_second": 0.089, "eval/steps_per_second": 0.051, "train/epoch": 1.0, "train/global_step": 1, "_timestamp": 1718136397.1236959, "_runtime": 256.6414887905121, "_step": 0}