{"train/loss": 1.6239, "train/learning_rate": 3.3000000000000006e-06, "train/epoch": 0.56, "train/global_step": 330, "_timestamp": 1717710728.1183972, "_runtime": 72711.06664919853, "_step": 32}