{"eval/loss": 2.927910089492798, "eval/runtime": 148.7134, "eval/samples_per_second": 0.229, "eval/steps_per_second": 0.02, "train/epoch": 3.0, "train/global_step": 5, "_timestamp": 1717637600.5422728, "_runtime": 1090.802137851715, "_step": 3, "train/train_runtime": 1068.9527, "train/train_samples_per_second": 0.159, "train/train_steps_per_second": 0.005, "train/total_flos": 5.322116611404988e+18, "train/train_loss": 1.2499073028564454, "_wandb": {"runtime": 1142}}